year,anomaly_c,data_type
1880,-0.18,observed
1881,-0.09,observed
1882,-0.12,observed
1883,-0.18,observed
1884,-0.29,observed
1885,-0.34,observed
1886,-0.32,observed
1887,-0.37,observed
1888,-0.18,observed
1889,-0.11,observed
1890,-0.36,observed
1891,-0.23,observed
1892,-0.28,observed
1893,-0.32,observed
1894,-0.31,observed
1895,-0.23,observed
1896,-0.12,observed
1897,-0.12,observed
1898,-0.28,observed
1899,-0.18,observed
1900,-0.09,observed
1901,-0.16,observed
1902,-0.29,observed
1903,-0.38,observed
1904,-0.48,observed
1905,-0.27,observed
1906,-0.23,observed
1907,-0.39,observed
1908,-0.43,observed
1909,-0.49,observed
1910,-0.44,observed
1911,-0.45,observed
1912,-0.37,observed
1913,-0.36,observed
1914,-0.17,observed
1915,-0.15,observed
1916,-0.37,observed
1917,-0.46,observed
1918,-0.3,observed
1919,-0.28,observed
1920,-0.28,observed
1921,-0.19,observed
1922,-0.29,observed
1923,-0.27,observed
1924,-0.27,observed
1925,-0.22,observed
1926,-0.11,observed
1927,-0.22,observed
1928,-0.2,observed
1929,-0.36,observed
1930,-0.16,observed
1931,-0.09,observed
1932,-0.16,observed
1933,-0.29,observed
1934,-0.13,observed
1935,-0.2,observed
1936,-0.15,observed
1937,-0.03,observed
1938,-0.01,observed
1939,-0.02,observed
1940,0.12,observed
1941,0.18,observed
1942,0.06,observed
1943,0.09,observed
1944,0.2,observed
1945,0.09,observed
1946,-0.07,observed
1947,-0.03,observed
1948,-0.11,observed
1949,-0.11,observed
1950,-0.18,observed
1951,-0.07,observed
1952,0.01,observed
1953,0.08,observed
1954,-0.13,observed
1955,-0.14,observed
1956,-0.19,observed
1957,0.05,observed
1958,0.06,observed
1959,0.03,observed
1960,-0.02,observed
1961,0.06,observed
1962,0.03,observed
1963,0.05,observed
1964,-0.2,observed
1965,-0.11,observed
1966,-0.06,observed
1967,-0.02,observed
1968,-0.08,observed
1969,0.05,observed
1970,0.03,observed
1971,-0.08,observed
1972,0.01,observed
1973,0.16,observed
1974,-0.07,observed
1975,-0.01,observed
1976,-0.1,observed
1977,0.18,observed
1978,0.07,observed
1979,0.16,observed
1980,0.26,observed
1981,0.32,observed
1982,0.14,observed
1983,0.31,observed
1984,0.16,observed
1985,0.12,observed
1986,0.18,observed
1987,0.32,observed
1988,0.39,observed
1989,0.27,observed
1990,0.45,observed
1991,0.41,observed
1992,0.22,observed
1993,0.23,observed
1994,0.32,observed
1995,0.45,observed
1996,0.33,observed
1997,0.47,observed
1998,0.61,observed
1999,0.38,observed
2000,0.39,observed
2001,0.53,observed
2002,0.63,observed
2003,0.62,observed
2004,0.53,observed
2005,0.68,observed
2006,0.64,observed
2007,0.66,observed
2008,0.54,observed
2009,0.66,observed
2010,0.72,observed
2011,0.61,observed
2012,0.65,observed
2013,0.68,observed
2014,0.75,observed
2015,0.9,observed
2016,1.01,observed
2017,0.92,observed
2018,0.85,observed
2019,0.98,observed
2020,1.01,observed
2021,0.85,observed
2022,0.89,observed
2023,1.17,observed
2024,1.29,observed
2025,1.19,observed
